method,resize_ratio,region_threshold,bbox_padding,total_samples,crop_accuracy,stage1_accuracy,stage2_accuracy,stage3_accuracy,avg_stage1_time,avg_stage2_time,avg_stage3_time,avg_total_time,avg_stage1_tflops,avg_stage2_tflops,avg_total_tflops,timestamp
final_0917,0.2,0.15,0,334,93.11,25.15,82.34,82.04,0.2113,0.5229,0.0001,0.7343,1.77,9.0,10.77,2025-09-17 04:28:43
final_0917,0.2,0.1,0,334,95.21,25.15,85.93,86.83,0.2113,0.6476,0.0001,0.8589,1.77,11.61,13.38,2025-09-17 04:31:08
final_0917,0.2,0.07,0,334,96.41,25.15,84.73,85.63,0.2143,0.7661,0.0001,0.9805,1.77,14.0,15.77,2025-09-17 04:34:15
final_0917,0.2,0.15,10,334,93.11,25.15,81.44,81.74,0.2105,0.5261,0.0001,0.7367,1.77,9.24,11.01,2025-09-17 04:48:58
final_0917,0.2,0.1,10,334,95.21,25.15,85.33,85.93,0.2091,0.6622,0.0001,0.8714,1.77,11.87,13.64,2025-09-17 04:53:54
final_0917,0.2,0.07,10,334,96.41,25.15,85.93,86.83,0.2093,0.7777,0.0001,0.9871,1.77,14.26,16.02,2025-09-17 05:00:04
final_0917,0.2,0.15,20,334,94.01,25.15,84.73,84.73,0.2083,0.5351,0.0001,0.7435,1.77,9.52,11.29,2025-09-17 05:09:26
final_0917,0.2,0.1,20,334,95.51,25.15,86.83,86.83,0.2102,0.6685,0.0001,0.8787,1.77,12.15,13.91,2025-09-17 05:17:05
final_0917,0.2,0.07,20,334,96.71,25.15,87.13,87.43,0.2089,0.7921,0.0001,1.0011,1.77,14.55,16.31,2025-09-17 05:26:17
final_0917,0.2,0.15,30,334,94.01,25.15,83.53,83.53,0.2125,0.561,0.0001,0.7736,1.77,9.82,11.59,2025-09-17 05:30:25
final_0917,0.2,0.1,30,334,95.51,25.15,86.53,86.53,0.2068,0.6853,0.0001,0.8922,1.77,12.44,14.2,2025-09-17 05:40:34
final_0917,0.2,0.15,40,334,94.31,25.15,84.13,85.03,0.2112,0.569,0.0001,0.7803,1.77,10.11,11.88,2025-09-17 05:51:45
final_0917,0.2,0.07,30,334,96.71,25.15,86.23,86.23,0.211,0.8115,0.0001,1.0226,1.77,14.85,16.62,2025-09-17 05:53:09
final_0917,0.2,0.1,40,334,95.81,25.15,85.63,85.93,0.2101,0.6985,0.0001,0.9086,1.77,12.75,14.52,2025-09-17 06:04:35
final_0917,0.2,0.15,50,334,94.61,25.15,85.33,85.63,0.2124,0.5877,0.0001,0.8001,1.77,10.41,12.17,2025-09-17 06:13:27
final_0917,0.2,0.07,40,334,97.01,25.15,86.53,85.93,0.2109,0.8232,0.0001,1.0342,1.77,15.13,16.9,2025-09-17 06:20:25
final_0917,0.2,0.1,50,334,96.11,25.15,86.83,87.43,0.2088,0.7044,0.0001,0.9132,1.77,13.06,14.83,2025-09-17 06:28:55
final_0917,0.25,0.15,0,334,93.41,39.22,82.93,84.73,0.2309,0.3239,0.0001,0.555,2.31,5.14,7.45,2025-09-17 06:31:04
final_0917,0.25,0.12,0,334,94.91,39.22,84.43,86.23,0.2335,0.3728,0.0001,0.6064,2.31,6.2,8.51,2025-09-17 06:32:35
final_0917,0.2,0.07,50,334,97.31,25.15,86.83,87.72,0.2113,0.8315,0.0001,1.0429,1.77,15.46,17.23,2025-09-17 06:48:04
final_0917,0.25,0.15,10,334,93.71,39.22,83.83,84.43,0.2316,0.3357,0.0001,0.5674,2.31,5.33,7.64,2025-09-17 06:49:12
final_0917,0.25,0.12,10,334,95.21,39.22,85.63,85.33,0.2289,0.3798,0.0001,0.6088,2.31,6.4,8.71,2025-09-17 06:51:12
final_0917,0.25,0.15,20,334,94.01,39.22,83.53,83.53,0.2285,0.3499,0.0001,0.5785,2.31,5.59,7.9,2025-09-17 07:07:26
final_0917,0.25,0.07,0,334,97.31,39.22,87.13,87.72,0.2274,0.5087,0.0001,0.7361,2.31,9.0,11.31,2025-09-17 07:08:31
final_0917,0.25,0.12,20,334,95.81,39.22,86.53,86.23,0.2295,0.4035,0.0001,0.633,2.31,6.68,8.99,2025-09-17 07:10:11
final_0917,0.25,0.15,30,334,94.61,39.22,82.63,83.83,0.23,0.3603,0.0001,0.5904,2.31,5.81,8.13,2025-09-17 07:25:57
final_0917,0.25,0.12,30,334,95.81,39.22,84.73,85.33,0.2304,0.4106,0.0001,0.6411,2.31,6.91,9.22,2025-09-17 07:29:26
final_0917,0.25,0.07,10,334,97.31,39.22,87.72,88.62,0.2272,0.525,0.0001,0.7523,2.31,9.2,11.51,2025-09-17 07:29:31
final_0917,0.25,0.15,40,334,94.61,39.22,82.93,83.53,0.2298,0.3707,0.0001,0.6006,2.31,6.07,8.38,2025-09-17 07:44:37
final_0917,0.25,0.12,40,334,95.81,39.22,85.33,86.23,0.228,0.4214,0.0001,0.6495,2.31,7.17,9.49,2025-09-17 07:48:55
final_0917,0.25,0.15,50,334,94.91,39.22,83.53,84.43,0.2268,0.3764,0.0001,0.6033,2.31,6.38,8.7,2025-09-17 08:03:24
final_0917,0.25,0.12,50,334,96.11,39.22,86.23,86.23,0.2265,0.4311,0.0001,0.6577,2.31,7.52,9.83,2025-09-17 08:08:31
final_0917,0.3,0.15,0,334,96.71,44.31,87.13,87.43,0.2498,0.2785,0.0001,0.5284,2.95,3.91,6.86,2025-09-17 08:20:41
final_0917,0.3,0.12,0,334,97.01,44.31,87.43,88.02,0.251,0.2996,0.0001,0.5507,2.95,4.43,7.38,2025-09-17 08:26:11
final_0917,0.3,0.15,10,334,96.71,44.31,88.02,87.72,0.2502,0.2834,0.0001,0.5337,2.95,4.13,7.09,2025-09-17 08:38:00
final_0917,0.3,0.1,0,334,97.6,44.31,88.02,87.43,0.2493,0.3174,0.0001,0.5668,2.95,4.88,7.84,2025-09-17 08:43:20
final_0917,0.3,0.12,10,334,97.01,44.31,86.83,88.02,0.2529,0.3091,0.0001,0.5621,2.95,4.66,7.62,2025-09-17 08:44:03
final_0917,0.3,0.15,20,334,97.31,44.31,88.02,87.72,0.2497,0.2924,0.0001,0.5423,2.95,4.34,7.29,2025-09-17 08:55:30
final_0917,0.3,0.1,10,334,97.6,44.31,87.72,87.72,0.2475,0.3234,0.0001,0.571,2.95,5.13,8.08,2025-09-17 09:01:19
final_0917,0.3,0.12,20,334,97.6,44.31,88.92,89.22,0.2526,0.3169,0.0001,0.5696,2.95,4.89,7.84,2025-09-17 09:02:08
final_0917,0.3,0.15,30,334,97.31,44.31,88.62,87.43,0.2511,0.3015,0.0001,0.5527,2.95,4.56,7.51,2025-09-17 09:13:16
final_0917,0.3,0.07,0,334,99.1,44.31,89.52,89.22,0.252,0.3863,0.0001,0.6384,2.95,6.16,9.11,2025-09-17 09:15:43
final_0917,0.3,0.1,20,334,97.9,44.31,87.43,87.13,0.2485,0.3319,0.0001,0.5805,2.95,5.35,8.3,2025-09-17 09:19:36
final_0917,0.3,0.12,30,334,97.6,44.31,87.43,88.32,0.2518,0.3244,0.0001,0.5763,2.95,5.12,8.07,2025-09-17 09:20:26
final_0917,0.3,0.15,40,334,97.6,44.31,87.13,86.83,0.2536,0.3138,0.0001,0.5676,2.95,4.8,7.75,2025-09-17 09:31:25
final_0917,0.3,0.07,10,334,99.1,44.31,89.52,88.92,0.2524,0.3942,0.0001,0.6466,2.95,6.41,9.37,2025-09-17 09:34:58
final_0917,0.3,0.1,30,334,97.9,44.31,87.13,87.72,0.2532,0.3464,0.0001,0.5997,2.95,5.6,8.55,2025-09-17 09:38:10
final_0917,0.3,0.12,40,334,97.9,44.31,88.92,87.43,0.2528,0.3381,0.0001,0.591,2.95,5.36,8.31,2025-09-17 09:39:00
final_0917,0.3,0.15,50,334,97.6,44.31,87.13,86.23,0.249,0.3187,0.0001,0.5678,2.95,5.03,7.98,2025-09-17 09:49:37
final_0917,0.3,0.07,20,334,99.1,44.31,90.72,89.52,0.2534,0.4004,0.0001,0.6539,2.95,6.67,9.62,2025-09-17 09:54:21
final_0917,0.3,0.1,40,334,98.2,44.31,88.32,88.02,0.2517,0.3583,0.0001,0.6101,2.95,5.86,8.81,2025-09-17 09:57:04
final_0917,0.3,0.12,50,334,97.9,44.31,88.02,87.13,0.2516,0.3473,0.0001,0.5989,2.95,5.6,8.55,2025-09-17 09:57:44
final_0917,0.35,0.15,0,334,95.51,58.38,85.63,85.63,0.2786,0.2234,0.0001,0.5021,3.81,2.53,6.34,2025-09-17 10:07:24
final_0917,0.3,0.07,30,334,99.1,44.31,89.22,89.52,0.2489,0.406,0.0001,0.6549,2.95,6.93,9.89,2025-09-17 10:13:57
final_0917,0.35,0.12,0,334,96.41,58.38,85.93,85.33,0.2824,0.2388,0.0001,0.5213,3.81,2.84,6.66,2025-09-17 10:15:53
final_0917,0.3,0.1,50,334,98.2,44.31,89.22,88.02,0.2499,0.3679,0.0001,0.6179,2.95,6.09,9.04,2025-09-17 10:16:12
final_0917,0.35,0.15,10,334,95.51,58.38,85.33,85.63,0.2772,0.2275,0.0001,0.5047,3.81,2.67,6.48,2025-09-17 10:25:18
final_0917,0.3,0.07,40,334,99.1,44.31,88.92,88.02,0.2502,0.4265,0.0001,0.6768,2.95,7.22,10.17,2025-09-17 10:33:57
final_0917,0.35,0.12,10,334,96.41,58.38,86.23,86.53,0.2783,0.2408,0.0001,0.5192,3.81,2.99,6.8,2025-09-17 10:33:59
final_0917,0.35,0.1,0,334,97.31,58.38,86.83,86.23,0.2828,0.2545,0.0001,0.5373,3.81,3.23,7.04,2025-09-17 10:34:32
final_0917,0.35,0.15,20,334,95.81,58.38,85.93,85.63,0.2777,0.2331,0.0001,0.5109,3.81,2.84,6.65,2025-09-17 10:43:20
final_0917,0.35,0.12,20,334,96.41,58.38,86.83,86.23,0.2785,0.2466,0.0001,0.5252,3.81,3.18,7.0,2025-09-17 10:52:22
final_0917,0.35,0.1,10,334,97.31,58.38,86.83,86.23,0.2842,0.2626,0.0001,0.5469,3.81,3.39,7.2,2025-09-17 10:53:05
final_0917,0.3,0.07,50,334,99.1,44.31,89.82,89.22,0.2538,0.4432,0.0001,0.6971,2.95,7.47,10.42,2025-09-17 10:54:20
final_0917,0.35,0.15,30,334,96.71,58.38,85.93,86.23,0.2822,0.2423,0.0001,0.5246,3.81,3.07,6.89,2025-09-17 11:01:37
final_0917,0.35,0.12,30,334,97.01,58.38,86.53,85.63,0.2793,0.2547,0.0001,0.5341,3.81,3.43,7.25,2025-09-17 11:10:56
final_0917,0.35,0.1,20,334,97.31,58.38,86.83,86.83,0.2796,0.2644,0.0001,0.5441,3.81,3.59,7.4,2025-09-17 11:11:43
final_0917,0.35,0.07,0,334,98.8,58.38,86.83,87.72,0.2787,0.2803,0.0001,0.5591,3.81,3.95,7.76,2025-09-17 11:13:15
final_0917,0.35,0.15,40,334,97.01,58.38,87.13,88.02,0.2813,0.2509,0.0001,0.5323,3.81,3.25,7.07,2025-09-17 11:20:13
final_0917,0.35,0.12,40,334,97.01,58.38,88.32,88.32,0.2785,0.2622,0.0001,0.5408,3.81,3.63,7.44,2025-09-17 11:29:43
final_0917,0.35,0.1,30,334,98.2,58.38,87.43,86.53,0.2818,0.2735,0.0001,0.5554,3.81,3.85,7.66,2025-09-17 11:30:40
final_0917,0.35,0.07,10,334,98.8,58.38,89.52,90.12,0.2822,0.2893,0.0001,0.5716,3.81,4.12,7.93,2025-09-17 11:32:30
final_0917,0.35,0.15,50,334,97.31,58.38,87.72,87.43,0.2789,0.2564,0.0001,0.5353,3.81,3.46,7.27,2025-09-17 11:38:53
final_0917,0.35,0.12,50,334,97.31,58.38,88.62,87.72,0.28,0.2725,0.0001,0.5526,3.81,3.85,7.66,2025-09-17 11:48:48
final_0917,0.35,0.1,40,334,98.2,58.38,89.22,88.92,0.2797,0.2792,0.0001,0.559,3.81,4.05,7.86,2025-09-17 11:49:44
final_0917,0.35,0.07,20,334,98.8,58.38,87.72,88.92,0.28,0.2965,0.0001,0.5766,3.81,4.34,8.15,2025-09-17 11:51:54
final_0917,0.4,0.15,0,334,96.71,63.47,87.43,88.32,0.3244,0.2122,0.0001,0.5367,4.85,2.05,6.9,2025-09-17 11:58:33
final_0917,0.4,0.12,0,334,97.31,63.47,87.72,87.43,0.3209,0.218,0.0001,0.539,4.85,2.3,7.15,2025-09-17 12:08:30
final_0917,0.35,0.1,50,334,98.5,58.38,89.22,88.02,0.2752,0.2863,0.0001,0.5615,3.81,4.29,8.1,2025-09-17 12:08:53
final_0917,0.35,0.07,30,334,98.8,58.38,87.13,88.32,0.2796,0.3063,0.0001,0.5859,3.81,4.63,8.44,2025-09-17 12:11:29
final_0917,0.4,0.15,10,334,96.71,63.47,88.02,88.32,0.3215,0.2144,0.0001,0.5359,4.85,2.21,7.06,2025-09-17 12:18:18
final_0917,0.4,0.12,10,334,97.31,63.47,88.62,88.62,0.3228,0.2244,0.0001,0.5473,4.85,2.47,7.31,2025-09-17 12:28:26
final_0917,0.4,0.1,0,334,97.6,63.47,88.02,88.32,0.3235,0.229,0.0001,0.5526,4.85,2.53,7.37,2025-09-17 12:28:44
final_0917,0.35,0.07,40,334,98.8,58.38,88.32,89.52,0.2833,0.3199,0.0001,0.6032,3.81,4.84,8.65,2025-09-17 12:31:29
final_0917,0.4,0.15,20,334,96.71,63.47,87.72,88.02,0.3225,0.2199,0.0001,0.5425,4.85,2.38,7.22,2025-09-17 12:38:11
final_0917,0.4,0.12,20,334,97.31,63.47,88.02,88.92,0.319,0.2261,0.0001,0.5452,4.85,2.65,7.49,2025-09-17 12:48:28
final_0917,0.4,0.1,10,334,97.6,63.47,88.32,88.02,0.3201,0.231,0.0001,0.5512,4.85,2.7,7.54,2025-09-17 12:48:46
final_0917,0.35,0.07,50,334,98.8,58.38,88.32,88.92,0.2815,0.3295,0.0001,0.6111,3.81,5.1,8.92,2025-09-17 12:51:45
final_0917,0.4,0.15,30,334,97.01,63.47,88.32,88.32,0.3194,0.2231,0.0001,0.5426,4.85,2.56,7.4,2025-09-17 12:58:09
final_0917,0.4,0.12,30,334,97.31,63.47,88.92,89.82,0.3181,0.2325,0.0001,0.5507,4.85,2.83,7.68,2025-09-17 13:08:36
final_0917,0.4,0.1,20,334,97.6,63.47,88.92,89.22,0.32,0.2368,0.0001,0.5569,4.85,2.9,7.74,2025-09-17 13:09:00
final_0917,0.4,0.07,0,334,98.5,63.47,88.62,88.62,0.3201,0.2416,0.0001,0.5618,4.85,2.94,7.79,2025-09-17 13:11:59
final_0917,0.4,0.15,40,334,97.01,63.47,88.62,88.62,0.3192,0.228,0.0001,0.5473,4.85,2.72,7.57,2025-09-17 13:18:11
final_0917,0.4,0.12,40,334,97.31,63.47,88.32,88.92,0.3191,0.2393,0.0001,0.5585,4.85,3.01,7.86,2025-09-17 13:28:56
final_0917,0.4,0.1,30,334,97.6,63.47,89.52,89.82,0.3233,0.2461,0.0001,0.5695,4.85,3.09,7.94,2025-09-17 13:29:34
final_0917,0.4,0.07,10,334,98.5,63.47,88.62,89.22,0.3204,0.2461,0.0001,0.5666,4.85,3.12,7.97,2025-09-17 13:32:23
final_0917,0.4,0.15,50,334,97.31,63.47,88.32,87.72,0.323,0.2384,0.0001,0.5615,4.85,2.94,7.79,2025-09-17 13:38:36
final_0917,0.4,0.12,50,334,97.6,63.47,87.72,88.02,0.3219,0.2483,0.0001,0.5703,4.85,3.24,8.09,2025-09-17 13:49:35
final_0917,0.4,0.1,40,334,97.6,63.47,88.92,89.52,0.3227,0.253,0.0001,0.5758,4.85,3.28,8.12,2025-09-17 13:50:15
final_0917,0.4,0.07,20,334,98.5,63.47,87.13,88.02,0.3264,0.2589,0.0001,0.5854,4.85,3.35,8.19,2025-09-17 13:53:15
final_0917,0.45,0.15,0,334,98.2,70.96,88.92,89.82,0.3709,0.2025,0.0001,0.5736,6.01,1.82,7.82,2025-09-17 14:00:03
final_0917,0.45,0.12,0,334,98.5,70.96,87.72,88.62,0.3691,0.2042,0.0001,0.5734,6.01,1.98,7.99,2025-09-17 14:11:02
final_0917,0.4,0.1,50,334,97.9,63.47,89.22,89.52,0.3224,0.2589,0.0001,0.5814,4.85,3.52,8.36,2025-09-17 14:11:09
final_0917,0.4,0.07,30,334,98.5,63.47,90.12,90.42,0.3271,0.268,0.0001,0.5951,4.85,3.56,8.4,2025-09-17 14:14:13
final_0917,0.45,0.15,10,334,98.2,70.96,88.62,89.22,0.37,0.2065,0.0001,0.5765,6.01,1.98,7.98,2025-09-17 14:21:45
final_0917,0.45,0.1,0,334,98.5,70.96,87.13,87.72,0.3695,0.2134,0.0001,0.583,6.01,2.18,8.19,2025-09-17 14:32:50
final_0917,0.45,0.12,10,334,98.5,70.96,88.62,89.82,0.3702,0.2124,0.0001,0.5826,6.01,2.15,8.16,2025-09-17 14:32:57
final_0917,0.4,0.07,40,334,98.5,63.47,88.02,88.62,0.3258,0.2746,0.0001,0.6005,4.85,3.76,8.6,2025-09-17 14:35:28
final_0917,0.45,0.15,20,334,98.2,70.96,88.92,90.42,0.3726,0.2124,0.0001,0.5851,6.01,2.13,8.14,2025-09-17 14:43:23
final_0917,0.45,0.1,10,334,98.5,70.96,87.72,89.22,0.3708,0.2193,0.0001,0.5901,6.01,2.37,8.37,2025-09-17 14:54:40
final_0917,0.45,0.12,20,334,98.5,70.96,89.82,91.02,0.3695,0.216,0.0001,0.5856,6.01,2.32,8.32,2025-09-17 14:54:45
final_0917,0.4,0.07,50,334,98.5,63.47,89.82,90.12,0.3236,0.2823,0.0001,0.606,4.85,4.02,8.87,2025-09-17 14:56:47
final_0917,0.45,0.15,30,334,98.5,70.96,88.62,90.42,0.3721,0.2174,0.0001,0.5895,6.01,2.3,8.31,2025-09-17 15:05:25
final_0917,0.45,0.1,20,334,98.5,70.96,87.43,88.92,0.3712,0.2257,0.0001,0.597,6.01,2.54,8.55,2025-09-17 15:16:30
final_0917,0.45,0.12,30,334,98.5,70.96,88.62,89.82,0.3749,0.2249,0.0001,0.5999,6.01,2.5,8.51,2025-09-17 15:16:52
final_0917,0.45,0.07,0,334,99.1,70.96,88.92,89.22,0.3742,0.2309,0.0001,0.6052,6.01,2.59,8.6,2025-09-17 15:19:01
final_0917,0.45,0.15,40,334,98.5,70.96,90.12,89.82,0.3701,0.2206,0.0001,0.5908,6.01,2.48,8.48,2025-09-17 15:27:38
final_0917,0.45,0.1,30,334,98.5,70.96,87.72,89.52,0.3701,0.2308,0.0001,0.6011,6.01,2.74,8.74,2025-09-17 15:38:42
final_0917,0.45,0.12,40,334,98.5,70.96,90.12,89.82,0.3741,0.2295,0.0001,0.6037,6.01,2.68,8.69,2025-09-17 15:39:04
final_0917,0.45,0.07,10,334,99.1,70.96,87.13,88.32,0.3732,0.2401,0.0001,0.6134,6.01,2.8,8.81,2025-09-17 15:41:24
final_0917,0.45,0.15,50,334,98.5,70.96,88.92,89.52,0.3704,0.2255,0.0001,0.596,6.01,2.64,8.65,2025-09-17 15:49:47
final_0917,0.45,0.1,40,334,98.5,70.96,88.32,88.92,0.373,0.2399,0.0001,0.6129,6.01,2.93,8.94,2025-09-17 16:01:10
final_0917,0.45,0.12,50,334,98.5,70.96,88.62,89.22,0.3694,0.2321,0.0001,0.6015,6.01,2.86,8.87,2025-09-17 16:01:22
final_0917,0.45,0.07,20,334,99.1,70.96,87.72,88.32,0.3742,0.2444,0.0001,0.6187,6.01,2.99,8.99,2025-09-17 16:03:58
final_0917,0.5,0.15,0,334,98.5,76.65,87.72,87.13,0.4335,0.1961,0.0001,0.6298,7.48,1.63,9.11,2025-09-17 16:14:10
final_0917,0.45,0.1,50,334,98.5,70.96,88.02,89.22,0.3723,0.245,0.0001,0.6174,6.01,3.12,9.13,2025-09-17 16:23:46
final_0917,0.5,0.12,0,334,98.8,76.65,87.72,88.62,0.433,0.1987,0.0001,0.6318,7.48,1.75,9.23,2025-09-17 16:25:45
final_0917,0.45,0.07,30,334,99.1,70.96,88.32,89.52,0.3733,0.2513,0.0001,0.6247,6.01,3.21,9.22,2025-09-17 16:26:34
final_0917,0.5,0.15,10,334,98.5,76.65,88.02,88.62,0.4312,0.1997,0.0001,0.631,7.48,1.77,9.25,2025-09-17 16:38:46
final_0917,0.5,0.1,0,334,98.8,76.65,88.32,88.92,0.4287,0.1982,0.0001,0.627,7.48,1.86,9.34,2025-09-17 16:48:09
final_0917,0.45,0.07,40,334,99.4,70.96,89.82,91.02,0.3753,0.2607,0.0001,0.6361,6.01,3.43,9.44,2025-09-17 16:49:28
final_0917,0.5,0.12,10,334,98.8,76.65,88.92,89.52,0.4344,0.2057,0.0001,0.6402,7.48,1.91,9.39,2025-09-17 16:50:37
final_0917,0.5,0.15,20,334,98.8,76.65,91.32,90.72,0.4339,0.2033,0.0001,0.6373,7.48,1.89,9.37,2025-09-17 17:03:27
final_0917,0.45,0.07,50,334,99.4,70.96,88.62,89.82,0.3701,0.2635,0.0001,0.6337,6.01,3.64,9.64,2025-09-17 17:12:30
final_0917,0.5,0.1,10,334,98.8,76.65,88.92,89.22,0.4343,0.2098,0.0001,0.6442,7.48,2.01,9.5,2025-09-17 17:13:05
final_0917,0.5,0.12,20,334,99.1,76.65,90.72,90.72,0.4362,0.2114,0.0001,0.6477,7.48,2.03,9.51,2025-09-17 17:15:22
final_0917,0.5,0.15,30,334,98.8,76.65,89.52,89.52,0.4346,0.2096,0.0001,0.6443,7.48,2.03,9.51,2025-09-17 17:28:10
final_0917,0.5,0.07,0,334,98.8,76.65,89.52,90.12,0.4307,0.2081,0.0001,0.6389,7.48,2.09,9.57,2025-09-17 17:37:17
final_0917,0.5,0.1,20,334,99.1,76.65,91.02,91.32,0.4327,0.2136,0.0001,0.6464,7.48,2.15,9.63,2025-09-17 17:38:07
final_0917,0.5,0.12,30,334,99.1,76.65,88.92,88.32,0.4363,0.2164,0.0001,0.6529,7.48,2.17,9.65,2025-09-17 17:40:19
final_0917,0.5,0.15,40,334,98.8,76.65,88.92,89.22,0.4311,0.2141,0.0001,0.6453,7.48,2.23,9.71,2025-09-17 17:53:08
final_0917,0.5,0.07,10,334,98.8,76.65,89.52,90.42,0.4299,0.214,0.0001,0.644,7.48,2.25,9.73,2025-09-17 18:02:17
final_0917,0.5,0.1,30,334,99.1,76.65,89.52,87.72,0.4313,0.2165,0.0001,0.6479,7.48,2.3,9.78,2025-09-17 18:03:01
final_0917,0.5,0.12,40,334,99.1,76.65,89.82,89.52,0.4306,0.2185,0.0001,0.6492,7.48,2.39,9.87,2025-09-17 18:05:19
final_0917,0.5,0.15,50,334,98.8,76.65,89.22,89.82,0.4328,0.2181,0.0001,0.651,7.48,2.47,9.95,2025-09-17 18:18:13
final_0917,0.5,0.07,20,334,99.4,76.65,91.32,92.22,0.4302,0.2214,0.0001,0.6517,7.48,2.41,9.89,2025-09-17 18:27:22
final_0917,0.5,0.1,40,334,99.1,76.65,91.32,90.12,0.4266,0.2222,0.0001,0.6489,7.48,2.52,10.0,2025-09-17 18:28:08
final_0917,0.5,0.12,50,334,99.1,76.65,88.62,90.42,0.4316,0.2229,0.0001,0.6545,7.48,2.64,10.12,2025-09-17 18:30:35
final_0917,0.5,0.07,30,334,99.4,76.65,90.12,89.52,0.4296,0.2239,0.0001,0.6535,7.48,2.57,10.05,2025-09-17 18:52:37
final_0917,0.5,0.1,50,334,99.1,76.65,89.22,90.72,0.429,0.2266,0.0001,0.6557,7.48,2.78,10.26,2025-09-17 18:53:27
final_0917,0.5,0.07,40,334,99.4,76.65,89.82,89.82,0.4321,0.235,0.0001,0.6672,7.48,2.81,10.29,2025-09-17 19:18:10
final_0917,0.5,0.07,50,334,99.4,76.65,91.02,91.62,0.4302,0.2384,0.0001,0.6688,7.48,3.09,10.57,2025-09-17 19:43:51
final_0917,0.6,0.12,20,334,98.8,82.63,89.52,89.52,0.6195,0.2001,0.0001,0.8197,11.15,1.76,12.91,2025-09-17 20:33:49
final_0917,0.7,0.12,20,334,99.4,87.72,86.83,88.62,0.8478,0.1949,0.0002,1.0428,15.85,1.6,17.45,2025-09-17 20:43:45
final_0917,0.8,0.12,20,334,98.5,88.92,88.02,90.12,1.2235,0.1941,0.0002,1.4178,21.82,1.55,23.37,2025-09-17 21:04:49
final_0917,0.6,0.12,0,334,98.8,82.63,90.72,91.32,0.6179,0.1925,0.0001,0.8105,11.15,1.49,12.64,2025-09-17 21:26:25
final_0917,0.7,0.12,0,334,99.4,87.72,89.82,91.62,0.844,0.1877,0.0002,1.0319,15.85,1.37,17.23,2025-09-17 21:53:52
final_0917,0.3,0.11,20,334,97.9,44.31,88.92,89.22,0.255,0.3274,0.0001,0.5825,2.95,5.09,8.04,2025-09-18 02:38:03
final_0917,0.3,0.14,20,334,97.31,44.31,87.72,87.43,0.2542,0.3013,0.0001,0.5556,2.95,4.49,7.44,2025-09-18 02:39:14
final_0917,0.3,0.13,20,334,97.31,44.31,88.02,88.02,0.2521,0.3063,0.0001,0.5585,2.95,4.64,7.59,2025-09-18 02:39:19
final_0917,0.3,0.12,25,334,97.6,44.31,88.02,86.83,0.2522,0.3195,0.0001,0.5718,2.95,4.97,7.92,2025-09-18 02:39:52
final_0917,0.4,0.11,20,334,97.31,63.47,88.02,88.62,0.3247,0.2355,0.0001,0.5603,4.85,2.77,7.61,2025-09-18 02:58:24
final_0917,0.4,0.14,20,334,97.01,63.47,88.02,89.22,0.3241,0.2236,0.0001,0.5478,4.85,2.46,7.3,2025-09-18 02:59:17
final_0917,0.4,0.13,20,334,97.01,63.47,88.62,89.52,0.3262,0.2274,0.0001,0.5537,4.85,2.54,7.38,2025-09-18 02:59:30
final_0917,0.4,0.12,25,334,97.31,63.47,90.12,89.52,0.3266,0.2342,0.0001,0.5608,4.85,2.73,7.58,2025-09-18 03:00:08
final_0917,0.5,0.11,20,334,99.1,76.65,90.72,91.32,0.4366,0.2143,0.0001,0.651,7.48,2.09,9.57,2025-09-18 03:23:26
final_0917,0.5,0.14,20,334,98.8,76.65,91.62,91.02,0.4365,0.2094,0.0001,0.646,7.48,1.93,9.41,2025-09-18 03:24:09
final_0917,0.5,0.13,20,334,99.1,76.65,91.32,91.02,0.4359,0.2097,0.0001,0.6457,7.48,1.98,9.46,2025-09-18 03:24:12
final_0917,0.5,0.12,25,334,99.1,76.65,88.32,88.62,0.4362,0.213,0.0001,0.6493,7.48,2.17,9.65,2025-09-18 03:25:06
final_0917,0.6,0.11,20,334,98.8,82.63,89.52,89.22,0.6145,0.2015,0.0001,0.8161,11.15,1.79,12.94,2025-09-18 03:57:06
final_0917,0.6,0.14,20,334,98.8,82.63,88.92,88.92,0.6155,0.1971,0.0001,0.8127,11.15,1.69,12.84,2025-09-18 03:57:35
final_0917,0.6,0.13,20,334,98.8,82.63,89.52,88.92,0.6127,0.1975,0.0001,0.8103,11.15,1.72,12.87,2025-09-18 03:57:35
final_0917,0.6,0.12,25,334,98.8,82.63,89.22,89.82,0.6135,0.201,0.0001,0.8146,11.15,1.81,12.96,2025-09-18 03:58:33
final_0917,0.7,0.11,20,334,99.4,87.72,86.83,88.32,0.85,0.1983,0.0002,1.0485,15.85,1.63,17.48,2025-09-18 04:40:31
final_0917,0.7,0.13,20,334,98.8,87.72,87.13,88.32,0.8469,0.192,0.0002,1.0391,15.85,1.57,17.42,2025-09-18 04:40:53
final_0917,0.7,0.14,20,334,98.5,87.72,88.02,88.62,0.8474,0.1924,0.0002,1.0399,15.85,1.54,17.4,2025-09-18 04:40:58
final_0917,0.7,0.12,25,334,99.4,87.72,89.52,89.82,0.8491,0.1991,0.0002,1.0483,15.85,1.68,17.54,2025-09-18 04:41:58
final_0917,0.8,0.11,20,334,98.5,88.92,88.32,89.22,1.2201,0.1953,0.0002,1.4157,21.82,1.57,23.39,2025-09-18 05:45:01
final_0917,0.8,0.13,20,334,97.9,88.92,87.72,89.52,1.2199,0.1916,0.0002,1.4117,21.82,1.52,23.35,2025-09-18 05:45:13
final_0917,0.8,0.14,20,334,97.9,88.92,88.02,89.52,1.2219,0.1957,0.0002,1.4178,21.82,1.51,23.33,2025-09-18 05:45:20
final_0917,0.8,0.12,25,334,98.5,88.92,88.92,90.12,1.2221,0.1964,0.0002,1.4187,21.82,1.62,23.44,2025-09-18 05:46:26
final_0918,0.3,0.11,0,334,97.31,44.31,88.62,88.32,0.2548,0.3128,0.0001,0.5677,2.95,4.63,7.58,2025-09-18 16:34:56
final_0918,0.3,0.2,0,334,94.91,44.31,84.73,86.53,0.2532,0.2563,0.0001,0.5095,2.95,3.27,6.22,2025-09-18 16:39:30
final_0918,0.3,0.12,0,334,97.01,44.31,87.43,88.02,0.2531,0.3022,0.0001,0.5554,2.95,4.43,7.38,2025-09-18 16:40:05
final_0918,0.4,0.11,0,334,97.31,63.47,88.92,88.92,0.3254,0.2252,0.0001,0.5507,4.85,2.41,7.25,2025-09-18 16:54:53
final_0918,0.4,0.2,0,334,95.81,63.47,88.32,88.02,0.3253,0.2038,0.0001,0.5292,4.85,1.79,6.64,2025-09-18 16:59:04
final_0918,0.4,0.12,0,334,97.31,63.47,87.72,87.43,0.3218,0.2188,0.0001,0.5406,4.85,2.3,7.15,2025-09-18 16:59:53
final_0918,0.5,0.11,0,334,98.8,76.65,88.32,88.62,0.4361,0.2023,0.0001,0.6386,7.48,1.81,9.29,2025-09-18 17:19:31
final_0918,0.5,0.2,0,334,98.2,76.65,88.32,88.32,0.4329,0.1895,0.0001,0.6225,7.48,1.49,8.97,2025-09-18 17:23:24
final_0918,0.5,0.12,0,334,98.8,76.65,87.72,88.62,0.4341,0.1981,0.0001,0.6322,7.48,1.75,9.23,2025-09-18 17:24:22
final_0918,0.6,0.11,0,334,98.8,82.63,90.42,90.72,0.6125,0.1943,0.0001,0.8069,11.15,1.52,12.67,2025-09-18 17:52:47
final_0918,0.6,0.2,0,334,98.5,82.63,88.62,89.52,0.6159,0.1862,0.0001,0.8022,11.15,1.31,12.46,2025-09-18 17:56:19
final_0918,0.6,0.12,0,334,98.8,82.63,90.72,91.32,0.6187,0.1965,0.0001,0.8153,11.15,1.49,12.64,2025-09-18 17:57:42
final_0918,0.7,0.11,0,334,99.4,87.72,89.52,91.62,0.8456,0.186,0.0002,1.0317,15.85,1.39,17.25,2025-09-18 18:35:52
final_0918,0.7,0.2,0,334,97.9,87.72,89.22,90.72,0.8488,0.1849,0.0002,1.0338,15.85,1.24,17.1,2025-09-18 18:39:11
final_0918,0.7,0.12,0,334,99.4,87.72,89.82,91.62,0.8405,0.1843,0.0002,1.025,15.85,1.37,17.23,2025-09-18 18:40:44
final_0918,0.8,0.11,0,334,98.5,88.92,89.22,89.82,1.2143,0.1867,0.0002,1.4013,21.82,1.36,23.18,2025-09-18 19:39:48
final_0918,0.8,0.2,0,334,97.31,88.92,92.51,92.51,1.2228,0.183,0.0002,1.406,21.82,1.22,23.05,2025-09-18 19:43:09
final_0918,0.8,0.12,0,334,98.5,88.92,89.22,90.42,1.2192,0.1879,0.0002,1.4073,21.82,1.34,23.16,2025-09-18 19:44:50
final_0918,0.9,0.11,0,334,98.2,87.43,90.42,91.62,1.5672,0.1859,0.0002,1.7533,28.68,1.29,29.97,2025-09-18 21:01:47
final_0918,0.9,0.2,0,334,97.31,87.43,90.72,91.62,1.5719,0.1855,0.0002,1.7577,28.68,1.19,29.87,2025-09-18 21:05:19
final_0918,0.9,0.12,0,334,98.2,87.43,89.82,91.62,1.5741,0.1895,0.0002,1.7638,28.68,1.28,29.96,2025-09-18 21:07:14
qwen25vl,0.5,0.11,20,334,87.13,23.65,28.44,34.73,0.4705,0.3741,0.0002,0.8448,7.38,5.1,12.48,2025-09-18 21:47:51
final_0918,1.0,0.11,0,334,97.9,90.72,86.83,90.12,2.0063,0.1879,0.0003,2.1944,35.16,1.31,36.47,2025-09-18 22:44:31
final_0918,1.0,0.2,0,334,97.31,90.72,89.22,90.72,2.006,0.184,0.0003,2.1903,35.16,1.18,36.34,2025-09-18 22:47:23
final_0918,1.0,0.12,0,334,97.9,90.72,87.72,89.82,2.0142,0.1862,0.0003,2.2006,35.16,1.28,36.44,2025-09-18 22:50:07
